{"cameraMode":{"drawMode":0,"name":"Shaded","section":"Shading Mode"},"sceneLighting":true,"audioPlay":false,"sceneViewState":{"m_AlwaysRefresh":false,"showFog":true,"showSkybox":true,"showFlares":true,"showImageEffects":true,"showParticleSystems":true,"showVisualEffectGraphs":true,"m_FxEnabled":true},"in2DMode":false,"pivot":{"x":-9.898064613342286,"y":0.9880056381225586,"z":-33.23921203613281},"rotation":{"x":0.02915409952402115,"y":0.18838076293468476,"z":0.005594470538198948,"w":-0.9816539883613586},"size":9.550000190734864,"orthographic":false}